phase,time_s,speed_ms,speed_kmh
LOW,1,0.0,0.0
LOW,2,0.0,0.0
LOW,3,0.0,0.0
LOW,4,0.0,0.0
LOW,5,0.0,0.0
LOW,6,0.0,0.0
LOW,7,0.0,0.0
LOW,8,0.0,0.0
LOW,9,0.0,0.0
LOW,10,0.0,0.0
LOW,11,0.0,0.0
LOW,12,0.0,0.0
LOW,13,0.05555555555555556,0.2
LOW,14,0.4722222222222222,1.7
LOW,15,1.5,5.4
LOW,16,2.75,9.9
LOW,17,3.638888888888889,13.1
LOW,18,4.694444444444444,16.9
LOW,19,6.027777777777778,21.7
LOW,20,7.222222222222222,26.0
LOW,21,7.638888888888888,27.5
LOW,22,7.805555555555555,28.1
LOW,23,7.861111111111111,28.3
LOW,24,8.0,28.8
LOW,25,8.083333333333334,29.1
LOW,26,8.555555555555555,30.8
LOW,27,8.86111111111111,31.9
LOW,28,9.472222222222223,34.1
LOW,29,10.166666666666666,36.6
LOW,30,10.86111111111111,39.1
LOW,31,11.472222222222221,41.3
LOW,32,11.805555555555555,42.5
LOW,33,12.027777777777777,43.3
LOW,34,12.194444444444443,43.9
LOW,35,12.333333333333332,44.4
LOW,36,12.36111111111111,44.5
LOW,37,12.277777777777779,44.2
LOW,38,11.861111111111112,42.7
LOW,39,11.083333333333332,39.9
LOW,40,10.277777777777777,37.0
LOW,41,9.61111111111111,34.6
LOW,42,8.972222222222221,32.3
LOW,43,8.055555555555555,29.0
LOW,44,6.972222222222222,25.1
LOW,45,6.166666666666666,22.2
LOW,46,5.805555555555555,20.9
LOW,47,5.666666666666666,20.4
LOW,48,5.416666666666667,19.5
LOW,49,5.111111111111111,18.4
LOW,50,4.944444444444445,17.8
LOW,51,4.944444444444445,17.8
LOW,52,4.833333333333333,17.4
LOW,53,4.361111111111111,15.7
LOW,54,3.638888888888889,13.1
LOW,55,3.3611111111111107,12.1
LOW,56,3.333333333333333,12.0
LOW,57,3.333333333333333,12.0
LOW,58,3.333333333333333,12.0
LOW,59,3.416666666666667,12.3
LOW,60,3.5,12.6
LOW,61,4.083333333333333,14.7
LOW,62,4.25,15.3
LOW,63,4.416666666666667,15.9
LOW,64,4.5,16.2
LOW,65,4.75,17.1
LOW,66,4.944444444444445,17.8
LOW,67,5.027777777777778,18.1
LOW,68,5.111111111111111,18.4
LOW,69,5.638888888888889,20.3
LOW,70,6.444444444444444,23.2
LOW,71,7.361111111111111,26.5
LOW,72,8.277777777777779,29.8
LOW,73,9.055555555555555,32.6
LOW,74,9.555555555555555,34.4
LOW,75,9.86111111111111,35.5
LOW,76,10.11111111111111,36.4
LOW,77,10.388888888888888,37.4
LOW,78,10.694444444444445,38.5
LOW,79,10.916666666666666,39.3
LOW,80,10.972222222222221,39.5
LOW,81,10.833333333333334,39.0
LOW,82,10.694444444444445,38.5
LOW,83,10.36111111111111,37.3
LOW,84,10.277777777777777,37.0
LOW,85,10.194444444444445,36.7
LOW,86,9.972222222222221,35.9
LOW,87,9.805555555555555,35.3
LOW,88,9.61111111111111,34.6
LOW,89,9.5,34.2
LOW,90,8.86111111111111,31.9
LOW,91,7.583333333333333,27.3
LOW,92,6.111111111111111,22.0
LOW,93,4.722222222222222,17.0
LOW,94,3.944444444444444,14.2
LOW,95,3.333333333333333,12.0
LOW,96,2.5277777777777777,9.1
LOW,97,1.611111111111111,5.8
LOW,98,1.0,3.6
LOW,99,0.6111111111111112,2.2
LOW,100,0.0,0.0
LOW,101,0.0,0.0
LOW,102,0.0,0.0
LOW,103,0.0,0.0
LOW,104,0.0,0.0
LOW,105,0.0,0.0
LOW,106,0.0,0.0
LOW,107,0.0,0.0
LOW,108,0.0,0.0
LOW,109,0.0,0.0
LOW,110,0.0,0.0
LOW,111,0.0,0.0
LOW,112,0.0,0.0
LOW,113,0.0,0.0
LOW,114,0.0,0.0
LOW,115,0.0,0.0
LOW,116,0.0,0.0
LOW,117,0.0,0.0
LOW,118,0.0,0.0
LOW,119,0.0,0.0
LOW,120,0.0,0.0
LOW,121,0.0,0.0
LOW,122,0.0,0.0
LOW,123,0.0,0.0
LOW,124,0.0,0.0
LOW,125,0.0,0.0
LOW,126,0.0,0.0
LOW,127,0.0,0.0
LOW,128,0.0,0.0
LOW,129,0.0,0.0
LOW,130,0.0,0.0
LOW,131,0.0,0.0
LOW,132,0.0,0.0
LOW,133,0.0,0.0
LOW,134,0.0,0.0
LOW,135,0.0,0.0
LOW,136,0.0,0.0
LOW,137,0.0,0.0
LOW,138,0.0,0.0
LOW,139,0.05555555555555556,0.2
LOW,140,0.5277777777777778,1.9
LOW,141,1.6944444444444442,6.1
LOW,142,3.2499999999999996,11.7
LOW,143,4.555555555555555,16.4
LOW,144,5.249999999999999,18.9
LOW,145,5.527777777777778,19.9
LOW,146,5.777777777777778,20.8
LOW,147,6.333333333333333,22.8
LOW,148,7.055555555555555,25.4
LOW,149,7.694444444444444,27.7
LOW,150,8.11111111111111,29.2
LOW,151,8.277777777777779,29.8
LOW,152,8.166666666666666,29.4
LOW,153,7.555555555555555,27.2
LOW,154,6.277777777777778,22.6
LOW,155,4.805555555555555,17.3
LOW,156,3.6944444444444446,13.3
LOW,157,3.333333333333333,12.0
LOW,158,3.5,12.6
LOW,159,3.9166666666666665,14.1
LOW,160,4.777777777777778,17.2
LOW,161,5.583333333333334,20.1
LOW,162,6.499999999999999,23.4
LOW,163,7.083333333333333,25.5
LOW,164,7.666666666666667,27.6
LOW,165,8.194444444444445,29.5
LOW,166,8.63888888888889,31.1
LOW,167,8.916666666666666,32.1
LOW,168,9.222222222222223,33.2
LOW,169,9.777777777777779,35.2
LOW,170,10.333333333333334,37.2
LOW,171,10.555555555555555,38.0
LOW,172,10.388888888888888,37.4
LOW,173,9.75,35.1
LOW,174,8.61111111111111,31.0
LOW,175,7.527777777777778,27.1
LOW,176,7.027777777777778,25.3
LOW,177,6.972222222222222,25.1
LOW,178,7.194444444444444,25.9
LOW,179,7.722222222222222,27.8
LOW,180,8.11111111111111,29.2
LOW,181,8.222222222222223,29.6
LOW,182,8.194444444444445,29.5
LOW,183,8.11111111111111,29.2
LOW,184,7.861111111111111,28.3
LOW,185,7.25,26.1
LOW,186,6.555555555555555,23.6
LOW,187,5.833333333333333,21.0
LOW,188,5.249999999999999,18.9
LOW,189,4.75,17.1
LOW,190,4.361111111111111,15.7
LOW,191,4.027777777777778,14.5
LOW,192,3.8055555555555554,13.7
LOW,193,3.5833333333333335,12.9
LOW,194,3.4722222222222223,12.5
LOW,195,3.3888888888888884,12.2
LOW,196,3.333333333333333,12.0
LOW,197,3.333333333333333,12.0
LOW,198,3.333333333333333,12.0
LOW,199,3.333333333333333,12.0
LOW,200,3.4722222222222223,12.5
LOW,201,3.611111111111111,13.0
LOW,202,3.888888888888889,14.0
LOW,203,4.166666666666667,15.0
LOW,204,4.583333333333333,16.5
LOW,205,5.277777777777778,19.0
LOW,206,5.888888888888888,21.2
LOW,207,6.611111111111111,23.8
LOW,208,7.472222222222221,26.9
LOW,209,8.222222222222223,29.6
LOW,210,8.88888888888889,32.0
LOW,211,9.777777777777779,35.2
LOW,212,10.416666666666666,37.5
LOW,213,10.88888888888889,39.2
LOW,214,11.25,40.5
LOW,215,11.555555555555555,41.6
LOW,216,11.972222222222223,43.1
LOW,217,12.5,45.0
LOW,218,13.083333333333334,47.1
LOW,219,13.61111111111111,49.0
LOW,220,14.055555555555555,50.6
LOW,221,14.388888888888888,51.8
LOW,222,14.63888888888889,52.7
LOW,223,14.75,53.1
LOW,224,14.86111111111111,53.5
LOW,225,14.944444444444443,53.8
LOW,226,15.055555555555555,54.2
LOW,227,15.222222222222221,54.8
LOW,228,15.36111111111111,55.3
LOW,229,15.499999999999998,55.8
LOW,230,15.61111111111111,56.2
LOW,231,15.694444444444445,56.5
LOW,232,15.694444444444445,56.5
LOW,233,15.61111111111111,56.2
LOW,234,15.25,54.9
LOW,235,14.694444444444443,52.9
LOW,236,14.166666666666666,51.0
LOW,237,13.833333333333332,49.8
LOW,238,13.666666666666668,49.2
LOW,239,13.444444444444443,48.4
LOW,240,13.027777777777777,46.9
LOW,241,12.305555555555554,44.3
LOW,242,11.527777777777777,41.5
LOW,243,10.972222222222221,39.5
LOW,244,10.277777777777777,37.0
LOW,245,9.61111111111111,34.6
LOW,246,8.972222222222221,32.3
LOW,247,8.055555555555555,29.0
LOW,248,6.972222222222222,25.1
LOW,249,6.166666666666666,22.2
LOW,250,5.805555555555555,20.9
LOW,251,5.666666666666666,20.4
LOW,252,5.416666666666667,19.5
LOW,253,5.111111111111111,18.4
LOW,254,4.944444444444445,17.8
LOW,255,4.944444444444445,17.8
LOW,256,4.833333333333333,17.4
LOW,257,4.361111111111111,15.7
LOW,258,4.027777777777778,14.5
LOW,259,4.277777777777778,15.4
LOW,260,4.972222222222221,17.9
LOW,261,5.722222222222222,20.6
LOW,262,6.444444444444444,23.2
LOW,263,7.138888888888888,25.7
LOW,264,7.972222222222221,28.7
LOW,265,9.027777777777777,32.5
LOW,266,10.027777777777779,36.1
LOW,267,10.833333333333334,39.0
LOW,268,11.333333333333332,40.8
LOW,269,11.916666666666666,42.9
LOW,270,12.333333333333332,44.4
LOW,271,12.75,45.9
LOW,272,12.777777777777777,46.0
LOW,273,12.666666666666666,45.6
LOW,274,12.583333333333332,45.3
LOW,275,12.13888888888889,43.7
LOW,276,11.333333333333332,40.8
LOW,277,10.555555555555555,38.0
LOW,278,9.555555555555555,34.4
LOW,279,8.583333333333332,30.9
LOW,280,7.083333333333333,25.5
LOW,281,5.944444444444444,21.4
LOW,282,5.611111111111111,20.2
LOW,283,6.361111111111111,22.9
LOW,284,7.388888888888889,26.6
LOW,285,8.38888888888889,30.2
LOW,286,9.472222222222223,34.1
LOW,287,10.388888888888888,37.4
LOW,288,11.305555555555555,40.7
LOW,289,12.222222222222221,44.0
LOW,290,13.138888888888888,47.3
LOW,291,13.666666666666668,49.2
LOW,292,13.833333333333332,49.8
LOW,293,13.666666666666668,49.2
LOW,294,13.36111111111111,48.1
LOW,295,13.138888888888888,47.3
LOW,296,12.999999999999998,46.8
LOW,297,12.972222222222223,46.7
LOW,298,12.999999999999998,46.8
LOW,299,13.083333333333334,47.1
LOW,300,13.138888888888888,47.3
LOW,301,13.138888888888888,47.3
LOW,302,13.083333333333334,47.1
LOW,303,12.944444444444445,46.6
LOW,304,12.722222222222221,45.8
LOW,305,12.444444444444443,44.8
LOW,306,12.027777777777777,43.3
LOW,307,11.61111111111111,41.8
LOW,308,11.333333333333332,40.8
LOW,309,11.194444444444443,40.3
LOW,310,11.13888888888889,40.1
LOW,311,11.027777777777779,39.7
LOW,312,10.88888888888889,39.2
LOW,313,10.694444444444445,38.5
LOW,314,10.388888888888888,37.4
LOW,315,10.0,36.0
LOW,316,9.555555555555555,34.4
LOW,317,9.166666666666666,33.0
LOW,318,8.805555555555555,31.7
LOW,319,8.333333333333334,30.0
LOW,320,7.777777777777778,28.0
LOW,321,7.25,26.1
LOW,322,7.111111111111112,25.6
LOW,323,6.916666666666666,24.9
LOW,324,6.916666666666666,24.9
LOW,325,6.75,24.3
LOW,326,6.638888888888888,23.9
LOW,327,6.638888888888888,23.9
LOW,328,6.555555555555555,23.6
LOW,329,6.472222222222222,23.3
LOW,330,5.694444444444445,20.5
LOW,331,4.861111111111111,17.5
LOW,332,4.694444444444444,16.9
LOW,333,4.638888888888888,16.7
LOW,334,4.416666666666667,15.9
LOW,335,4.333333333333333,15.6
LOW,336,4.166666666666667,15.0
LOW,337,4.027777777777778,14.5
LOW,338,3.9722222222222223,14.3
LOW,339,4.027777777777778,14.5
LOW,340,4.277777777777778,15.4
LOW,341,4.944444444444445,17.8
LOW,342,5.861111111111112,21.1
LOW,343,6.694444444444445,24.1
LOW,344,6.944444444444445,25.0
LOW,345,7.027777777777778,25.3
LOW,346,7.083333333333333,25.5
LOW,347,7.333333333333333,26.4
LOW,348,7.388888888888889,26.6
LOW,349,7.527777777777778,27.1
LOW,350,7.694444444444444,27.7
LOW,351,7.805555555555555,28.1
LOW,352,7.833333333333333,28.2
LOW,353,7.805555555555555,28.1
LOW,354,7.777777777777778,28.0
LOW,355,7.749999999999999,27.9
LOW,356,7.749999999999999,27.9
LOW,357,7.805555555555555,28.1
LOW,358,7.833333333333333,28.2
LOW,359,7.777777777777778,28.0
LOW,360,7.472222222222221,26.9
LOW,361,6.944444444444445,25.0
LOW,362,6.444444444444444,23.2
LOW,363,6.083333333333333,21.9
LOW,364,5.861111111111112,21.1
LOW,365,5.75,20.7
LOW,366,5.75,20.7
LOW,367,5.777777777777778,20.8
LOW,368,5.888888888888888,21.2
LOW,369,6.138888888888889,22.1
LOW,370,6.527777777777778,23.5
LOW,371,6.75,24.3
LOW,372,6.805555555555555,24.5
LOW,373,6.611111111111111,23.8
LOW,374,5.916666666666667,21.3
LOW,375,4.916666666666666,17.7
LOW,376,4.0,14.4
LOW,377,3.3055555555555554,11.9
LOW,378,2.833333333333333,10.2
LOW,379,2.4722222222222223,8.9
LOW,380,2.2222222222222223,8.0
LOW,381,2.0,7.2
LOW,382,1.6944444444444442,6.1
LOW,383,1.3611111111111112,4.9
LOW,384,1.027777777777778,3.7
LOW,385,0.6388888888888888,2.3
LOW,386,0.25,0.9
LOW,387,0.0,0.0
LOW,388,0.0,0.0
LOW,389,0.0,0.0
LOW,390,0.0,0.0
LOW,391,0.0,0.0
LOW,392,0.0,0.0
LOW,393,0.1388888888888889,0.5
LOW,394,0.5833333333333334,2.1
LOW,395,1.3333333333333333,4.8
LOW,396,2.305555555555556,8.3
LOW,397,3.416666666666667,12.3
LOW,398,4.611111111111112,16.6
LOW,399,5.805555555555555,20.9
LOW,400,6.722222222222221,24.2
LOW,401,7.111111111111112,25.6
LOW,402,7.111111111111112,25.6
LOW,403,6.916666666666666,24.9
LOW,404,6.472222222222222,23.3
LOW,405,6.0,21.6
LOW,406,5.611111111111111,20.2
LOW,407,5.194444444444444,18.7
LOW,408,4.722222222222222,17.0
LOW,409,4.25,15.3
LOW,410,3.944444444444444,14.2
LOW,411,3.861111111111111,13.9
LOW,412,3.888888888888889,14.0
LOW,413,3.944444444444444,14.2
LOW,414,4.027777777777778,14.5
LOW,415,4.138888888888889,14.9
LOW,416,4.416666666666667,15.9
LOW,417,4.833333333333333,17.4
LOW,418,5.194444444444444,18.7
LOW,419,5.305555555555556,19.1
LOW,420,5.222222222222222,18.8
LOW,421,4.888888888888889,17.6
LOW,422,4.611111111111112,16.6
LOW,423,4.5,16.2
LOW,424,4.555555555555555,16.4
LOW,425,4.777777777777778,17.2
LOW,426,5.305555555555556,19.1
LOW,427,6.277777777777778,22.6
LOW,428,7.611111111111111,27.4
LOW,429,8.777777777777779,31.6
LOW,430,9.277777777777777,33.4
LOW,431,9.305555555555555,33.5
LOW,432,9.11111111111111,32.8
LOW,433,8.86111111111111,31.9
LOW,434,8.694444444444445,31.3
LOW,435,8.63888888888889,31.1
LOW,436,8.5,30.6
LOW,437,8.11111111111111,29.2
LOW,438,7.416666666666666,26.7
LOW,439,6.388888888888888,23.0
LOW,440,5.055555555555555,18.2
LOW,441,3.5833333333333335,12.9
LOW,442,2.138888888888889,7.7
LOW,443,1.0555555555555556,3.8
LOW,444,0.3611111111111111,1.3
LOW,445,0.05555555555555556,0.2
LOW,446,0.0,0.0
LOW,447,0.0,0.0
LOW,448,0.0,0.0
LOW,449,0.0,0.0
LOW,450,0.0,0.0
LOW,451,0.0,0.0
LOW,452,0.0,0.0
LOW,453,0.0,0.0
LOW,454,0.0,0.0
LOW,455,0.0,0.0
LOW,456,0.0,0.0
LOW,457,0.0,0.0
LOW,458,0.0,0.0
LOW,459,0.0,0.0
LOW,460,0.0,0.0
LOW,461,0.0,0.0
LOW,462,0.0,0.0
LOW,463,0.0,0.0
LOW,464,0.0,0.0
LOW,465,0.0,0.0
LOW,466,0.0,0.0
LOW,467,0.0,0.0
LOW,468,0.0,0.0
LOW,469,0.0,0.0
LOW,470,0.0,0.0
LOW,471,0.0,0.0
LOW,472,0.0,0.0
LOW,473,0.0,0.0
LOW,474,0.0,0.0
LOW,475,0.0,0.0
LOW,476,0.0,0.0
LOW,477,0.0,0.0
LOW,478,0.0,0.0
LOW,479,0.0,0.0
LOW,480,0.0,0.0
LOW,481,0.0,0.0
LOW,482,0.0,0.0
LOW,483,0.0,0.0
LOW,484,0.0,0.0
LOW,485,0.0,0.0
LOW,486,0.0,0.0
LOW,487,0.0,0.0
LOW,488,0.0,0.0
LOW,489,0.0,0.0
LOW,490,0.0,0.0
LOW,491,0.0,0.0
LOW,492,0.0,0.0
LOW,493,0.0,0.0
LOW,494,0.0,0.0
LOW,495,0.0,0.0
LOW,496,0.0,0.0
LOW,497,0.0,0.0
LOW,498,0.0,0.0
LOW,499,0.0,0.0
LOW,500,0.0,0.0
LOW,501,0.0,0.0
LOW,502,0.0,0.0
LOW,503,0.0,0.0
LOW,504,0.0,0.0
LOW,505,0.0,0.0
LOW,506,0.0,0.0
LOW,507,0.0,0.0
LOW,508,0.0,0.0
LOW,509,0.0,0.0
LOW,510,0.0,0.0
LOW,511,0.0,0.0
LOW,512,0.0,0.0
LOW,513,0.1388888888888889,0.5
LOW,514,0.6944444444444444,2.5
LOW,515,1.8333333333333333,6.6
LOW,516,3.2777777777777777,11.8
LOW,517,4.666666666666667,16.8
LOW,518,5.694444444444445,20.5
LOW,519,6.083333333333333,21.9
LOW,520,6.083333333333333,21.9
LOW,521,5.916666666666667,21.3
LOW,522,5.638888888888889,20.3
LOW,523,5.333333333333333,19.2
LOW,524,4.944444444444445,17.8
LOW,525,4.305555555555555,15.5
LOW,526,3.3055555555555554,11.9
LOW,527,2.111111111111111,7.6
LOW,528,1.1111111111111112,4.0
LOW,529,0.5555555555555556,2.0
LOW,530,0.2777777777777778,1.0
LOW,531,0.0,0.0
LOW,532,0.0,0.0
LOW,533,0.0,0.0
LOW,534,0.05555555555555556,0.2
LOW,535,0.3333333333333333,1.2
LOW,536,0.888888888888889,3.2
LOW,537,1.4444444444444444,5.2
LOW,538,2.2777777777777777,8.2
LOW,539,3.611111111111111,13.0
LOW,540,5.222222222222222,18.8
LOW,541,6.416666666666667,23.1
LOW,542,6.805555555555555,24.5
LOW,543,6.805555555555555,24.5
LOW,544,6.75,24.3
LOW,545,6.555555555555555,23.6
LOW,546,6.194444444444445,22.3
LOW,547,5.583333333333334,20.1
LOW,548,5.138888888888888,18.5
LOW,549,4.777777777777778,17.2
LOW,550,4.527777777777778,16.3
LOW,551,4.277777777777778,15.4
LOW,552,4.083333333333333,14.7
LOW,553,3.9722222222222223,14.3
LOW,554,3.8055555555555554,13.7
LOW,555,3.6944444444444446,13.3
LOW,556,3.638888888888889,13.1
LOW,557,3.638888888888889,13.1
LOW,558,3.6944444444444446,13.3
LOW,559,3.8333333333333335,13.8
LOW,560,4.027777777777778,14.5
LOW,561,4.583333333333333,16.5
LOW,562,4.722222222222222,17.0
LOW,563,4.722222222222222,17.0
LOW,564,4.722222222222222,17.0
LOW,565,4.277777777777778,15.4
LOW,566,2.8055555555555554,10.1
LOW,567,1.3333333333333333,4.8
LOW,568,0.0,0.0
LOW,569,0.0,0.0
LOW,570,0.0,0.0
LOW,571,0.0,0.0
LOW,572,0.0,0.0
LOW,573,0.0,0.0
LOW,574,0.0,0.0
LOW,575,0.0,0.0
LOW,576,0.0,0.0
LOW,577,0.0,0.0
LOW,578,0.0,0.0
LOW,579,0.0,0.0
LOW,580,0.0,0.0
LOW,581,0.0,0.0
LOW,582,0.0,0.0
LOW,583,0.0,0.0
LOW,584,0.0,0.0
LOW,585,0.0,0.0
LOW,586,0.0,0.0
LOW,587,0.0,0.0
LOW,588,0.0,0.0
LOW,589,0.0,0.0
MIDDLE,1,0.0,0.0
MIDDLE,2,0.0,0.0
MIDDLE,3,0.0,0.0
MIDDLE,4,0.0,0.0
MIDDLE,5,0.0,0.0
MIDDLE,6,0.0,0.0
MIDDLE,7,0.0,0.0
MIDDLE,8,0.0,0.0
MIDDLE,9,0.0,0.0
MIDDLE,10,0.0,0.0
MIDDLE,11,0.0,0.0
MIDDLE,12,0.2777777777777778,1.0
MIDDLE,13,0.5833333333333334,2.1
MIDDLE,14,1.3333333333333333,4.8
MIDDLE,15,2.5277777777777777,9.1
MIDDLE,16,3.944444444444444,14.2
MIDDLE,17,5.5,19.8
MIDDLE,18,7.083333333333333,25.5
MIDDLE,19,8.472222222222221,30.5
MIDDLE,20,9.666666666666666,34.8
MIDDLE,21,10.777777777777777,38.8
MIDDLE,22,11.916666666666666,42.9
MIDDLE,23,12.888888888888888,46.4
MIDDLE,24,13.416666666666666,48.3
MIDDLE,25,13.527777777777779,48.7
MIDDLE,26,13.472222222222221,48.5
MIDDLE,27,13.444444444444443,48.4
MIDDLE,28,13.38888888888889,48.2
MIDDLE,29,13.277777777777777,47.8
MIDDLE,30,13.055555555555555,47.0
MIDDLE,31,12.75,45.9
MIDDLE,32,12.472222222222221,44.9
MIDDLE,33,12.333333333333332,44.4
MIDDLE,34,12.305555555555554,44.3
MIDDLE,35,12.36111111111111,44.5
MIDDLE,36,12.527777777777779,45.1
MIDDLE,37,12.694444444444445,45.7
MIDDLE,38,12.777777777777777,46.0
MIDDLE,39,12.777777777777777,46.0
MIDDLE,40,12.777777777777777,46.0
MIDDLE,41,12.805555555555555,46.1
MIDDLE,42,12.972222222222223,46.7
MIDDLE,43,13.25,47.7
MIDDLE,44,13.583333333333332,48.9
MIDDLE,45,13.972222222222221,50.3
MIDDLE,46,14.333333333333334,51.6
MIDDLE,47,14.61111111111111,52.6
MIDDLE,48,14.722222222222221,53.0
MIDDLE,49,14.722222222222221,53.0
MIDDLE,50,14.694444444444443,52.9
MIDDLE,51,14.63888888888889,52.7
MIDDLE,52,14.61111111111111,52.6
MIDDLE,53,14.75,53.1
MIDDLE,54,15.083333333333332,54.3
MIDDLE,55,15.333333333333334,55.2
MIDDLE,56,15.416666666666666,55.5
MIDDLE,57,15.527777777777777,55.9
MIDDLE,58,15.638888888888888,56.3
MIDDLE,59,15.75,56.7
MIDDLE,60,15.805555555555555,56.9
MIDDLE,61,15.777777777777777,56.8
MIDDLE,62,15.555555555555555,56.0
MIDDLE,63,15.055555555555555,54.2
MIDDLE,64,14.472222222222221,52.1
MIDDLE,65,13.916666666666666,50.1
MIDDLE,66,13.11111111111111,47.2
MIDDLE,67,12.0,43.2
MIDDLE,68,10.88888888888889,39.2
MIDDLE,69,10.13888888888889,36.5
MIDDLE,70,9.527777777777777,34.3
MIDDLE,71,8.61111111111111,31.0
MIDDLE,72,7.222222222222222,26.0
MIDDLE,73,5.75,20.7
MIDDLE,74,4.277777777777778,15.4
MIDDLE,75,3.638888888888889,13.1
MIDDLE,76,3.333333333333333,12.0
MIDDLE,77,3.4722222222222223,12.5
MIDDLE,78,3.888888888888889,14.0
MIDDLE,79,5.277777777777778,19.0
MIDDLE,80,6.444444444444444,23.2
MIDDLE,81,7.777777777777778,28.0
MIDDLE,82,8.88888888888889,32.0
MIDDLE,83,9.444444444444445,34.0
MIDDLE,84,10.0,36.0
MIDDLE,85,10.555555555555555,38.0
MIDDLE,86,11.11111111111111,40.0
MIDDLE,87,11.194444444444443,40.3
MIDDLE,88,11.25,40.5
MIDDLE,89,10.833333333333334,39.0
MIDDLE,90,9.916666666666668,35.7
MIDDLE,91,8.833333333333334,31.8
MIDDLE,92,7.527777777777778,27.1
MIDDLE,93,6.333333333333333,22.8
MIDDLE,94,5.861111111111112,21.1
MIDDLE,95,5.249999999999999,18.9
MIDDLE,96,5.249999999999999,18.9
MIDDLE,97,5.916666666666667,21.3
MIDDLE,98,6.638888888888888,23.9
MIDDLE,99,7.194444444444444,25.9
MIDDLE,100,7.888888888888888,28.4
MIDDLE,101,8.416666666666666,30.3
MIDDLE,102,8.583333333333332,30.9
MIDDLE,103,8.63888888888889,31.1
MIDDLE,104,8.833333333333334,31.8
MIDDLE,105,9.083333333333334,32.7
MIDDLE,106,9.222222222222223,33.2
MIDDLE,107,9.0,32.4
MIDDLE,108,7.861111111111111,28.3
MIDDLE,109,7.166666666666667,25.8
MIDDLE,110,6.416666666666667,23.1
MIDDLE,111,6.055555555555555,21.8
MIDDLE,112,5.888888888888888,21.2
MIDDLE,113,5.833333333333333,21.0
MIDDLE,114,5.833333333333333,21.0
MIDDLE,115,5.805555555555555,20.9
MIDDLE,116,5.527777777777778,19.9
MIDDLE,117,4.972222222222221,17.9
MIDDLE,118,4.194444444444445,15.1
MIDDLE,119,3.555555555555556,12.8
MIDDLE,120,3.333333333333333,12.0
MIDDLE,121,3.6666666666666665,13.2
MIDDLE,122,4.75,17.1
MIDDLE,123,5.861111111111112,21.1
MIDDLE,124,6.055555555555555,21.8
MIDDLE,125,5.888888888888888,21.2
MIDDLE,126,5.138888888888888,18.5
MIDDLE,127,3.861111111111111,13.9
MIDDLE,128,3.333333333333333,12.0
MIDDLE,129,3.333333333333333,12.0
MIDDLE,130,3.611111111111111,13.0
MIDDLE,131,4.444444444444445,16.0
MIDDLE,132,5.138888888888888,18.5
MIDDLE,133,5.722222222222222,20.6
MIDDLE,134,6.25,22.5
MIDDLE,135,6.666666666666666,24.0
MIDDLE,136,7.388888888888889,26.6
MIDDLE,137,8.305555555555555,29.9
MIDDLE,138,9.666666666666666,34.8
MIDDLE,139,10.499999999999998,37.8
MIDDLE,140,11.166666666666668,40.2
MIDDLE,141,11.555555555555555,41.6
MIDDLE,142,11.638888888888888,41.9
MIDDLE,143,11.666666666666666,42.0
MIDDLE,144,11.722222222222223,42.2
MIDDLE,145,11.777777777777777,42.4
MIDDLE,146,11.861111111111112,42.7
MIDDLE,147,11.972222222222223,43.1
MIDDLE,148,12.13888888888889,43.7
MIDDLE,149,12.222222222222221,44.0
MIDDLE,150,12.25,44.1
MIDDLE,151,12.583333333333332,45.3
MIDDLE,152,12.888888888888888,46.4
MIDDLE,153,13.11111111111111,47.2
MIDDLE,154,13.138888888888888,47.3
MIDDLE,155,13.166666666666666,47.4
MIDDLE,156,13.166666666666666,47.4
MIDDLE,157,13.194444444444445,47.5
MIDDLE,158,13.305555555555555,47.9
MIDDLE,159,13.5,48.6
MIDDLE,160,13.722222222222221,49.4
MIDDLE,161,13.833333333333332,49.8
MIDDLE,162,13.833333333333332,49.8
MIDDLE,163,13.805555555555555,49.7
MIDDLE,164,13.694444444444443,49.3
MIDDLE,165,13.472222222222221,48.5
MIDDLE,166,13.222222222222221,47.6
MIDDLE,167,12.86111111111111,46.3
MIDDLE,168,12.13888888888889,43.7
MIDDLE,169,10.916666666666666,39.3
MIDDLE,170,9.472222222222223,34.1
MIDDLE,171,8.055555555555555,29.0
MIDDLE,172,6.583333333333333,23.7
MIDDLE,173,5.111111111111111,18.4
MIDDLE,174,3.9722222222222223,14.3
MIDDLE,175,3.333333333333333,12.0
MIDDLE,176,3.555555555555556,12.8
MIDDLE,177,4.444444444444445,16.0
MIDDLE,178,5.305555555555556,19.1
MIDDLE,179,6.222222222222221,22.4
MIDDLE,180,7.111111111111112,25.6
MIDDLE,181,8.36111111111111,30.1
MIDDLE,182,9.805555555555555,35.3
MIDDLE,183,11.083333333333332,39.9
MIDDLE,184,12.36111111111111,44.5
MIDDLE,185,13.194444444444445,47.5
MIDDLE,186,14.138888888888888,50.9
MIDDLE,187,15.027777777777779,54.1
MIDDLE,188,15.638888888888888,56.3
MIDDLE,189,16.13888888888889,58.1
MIDDLE,190,16.61111111111111,59.8
MIDDLE,191,16.97222222222222,61.1
MIDDLE,192,17.25,62.1
MIDDLE,193,17.444444444444443,62.8
MIDDLE,194,17.583333333333332,63.3
MIDDLE,195,17.666666666666668,63.6
MIDDLE,196,17.77777777777778,64.0
MIDDLE,197,17.97222222222222,64.7
MIDDLE,198,18.11111111111111,65.2
MIDDLE,199,18.13888888888889,65.3
MIDDLE,200,18.13888888888889,65.3
MIDDLE,201,18.166666666666668,65.4
MIDDLE,202,18.25,65.7
MIDDLE,203,18.333333333333332,66.0
MIDDLE,204,18.22222222222222,65.6
MIDDLE,205,17.63888888888889,63.5
MIDDLE,206,16.583333333333332,59.7
MIDDLE,207,15.166666666666666,54.6
MIDDLE,208,13.694444444444443,49.3
MIDDLE,209,12.472222222222221,44.9
MIDDLE,210,11.749999999999998,42.3
MIDDLE,211,11.5,41.4
MIDDLE,212,11.472222222222221,41.3
MIDDLE,213,11.694444444444445,42.1
MIDDLE,214,12.416666666666668,44.7
MIDDLE,215,13.444444444444443,48.4
MIDDLE,216,14.277777777777777,51.4
MIDDLE,217,14.63888888888889,52.7
MIDDLE,218,14.722222222222221,53.0
MIDDLE,219,14.583333333333332,52.5
MIDDLE,220,14.249999999999998,51.3
MIDDLE,221,13.805555555555555,49.7
MIDDLE,222,13.166666666666666,47.4
MIDDLE,223,12.13888888888889,43.7
MIDDLE,224,11.027777777777779,39.7
MIDDLE,225,9.86111111111111,35.5
MIDDLE,226,8.63888888888889,31.1
MIDDLE,227,7.305555555555555,26.3
MIDDLE,228,6.083333333333333,21.9
MIDDLE,229,5.0,18.0
MIDDLE,230,4.722222222222222,17.0
MIDDLE,231,5.0,18.0
MIDDLE,232,5.944444444444444,21.4
MIDDLE,233,6.888888888888889,24.8
MIDDLE,234,7.749999999999999,27.9
MIDDLE,235,8.555555555555555,30.8
MIDDLE,236,9.166666666666666,33.0
MIDDLE,237,9.75,35.1
MIDDLE,238,10.305555555555555,37.1
MIDDLE,239,10.805555555555555,38.9
MIDDLE,240,11.5,41.4
MIDDLE,241,12.222222222222221,44.0
MIDDLE,242,12.86111111111111,46.3
MIDDLE,243,13.25,47.7
MIDDLE,244,13.38888888888889,48.2
MIDDLE,245,13.527777777777779,48.7
MIDDLE,246,13.694444444444443,49.3
MIDDLE,247,13.833333333333332,49.8
MIDDLE,248,13.944444444444445,50.2
MIDDLE,249,14.138888888888888,50.9
MIDDLE,250,14.388888888888888,51.8
MIDDLE,251,14.583333333333332,52.5
MIDDLE,252,14.805555555555554,53.3
MIDDLE,253,15.13888888888889,54.5
MIDDLE,254,15.472222222222223,55.7
MIDDLE,255,15.694444444444445,56.5
MIDDLE,256,15.777777777777777,56.8
MIDDLE,257,15.833333333333332,57.0
MIDDLE,258,15.88888888888889,57.2
MIDDLE,259,16.02777777777778,57.7
MIDDLE,260,16.305555555555557,58.7
MIDDLE,261,16.694444444444443,60.1
MIDDLE,262,16.97222222222222,61.1
MIDDLE,263,17.13888888888889,61.7
MIDDLE,264,17.305555555555554,62.3
MIDDLE,265,17.47222222222222,62.9
MIDDLE,266,17.583333333333332,63.3
MIDDLE,267,17.61111111111111,63.4
MIDDLE,268,17.63888888888889,63.5
MIDDLE,269,17.916666666666668,64.5
MIDDLE,270,18.277777777777775,65.8
MIDDLE,271,18.555555555555554,66.8
MIDDLE,272,18.722222222222225,67.4
MIDDLE,273,19.11111111111111,68.8
MIDDLE,274,19.749999999999996,71.1
MIDDLE,275,20.083333333333332,72.3
MIDDLE,276,20.22222222222222,72.8
MIDDLE,277,20.38888888888889,73.4
MIDDLE,278,20.72222222222222,74.6
MIDDLE,279,21.11111111111111,76.0
MIDDLE,280,21.277777777777775,76.6
MIDDLE,281,21.25,76.5
MIDDLE,282,21.166666666666668,76.2
MIDDLE,283,21.055555555555554,75.8
MIDDLE,284,20.944444444444446,75.4
MIDDLE,285,20.777777777777775,74.8
MIDDLE,286,20.52777777777778,73.9
MIDDLE,287,20.194444444444446,72.7
MIDDLE,288,19.805555555555554,71.3
MIDDLE,289,19.555555555555557,70.4
MIDDLE,290,19.444444444444443,70.0
MIDDLE,291,19.444444444444443,70.0
MIDDLE,292,19.166666666666668,69.0
MIDDLE,293,18.88888888888889,68.0
MIDDLE,294,18.88888888888889,68.0
MIDDLE,295,18.88888888888889,68.0
MIDDLE,296,18.916666666666664,68.1
MIDDLE,297,19.0,68.4
MIDDLE,298,19.055555555555554,68.6
MIDDLE,299,19.083333333333332,68.7
MIDDLE,300,19.02777777777778,68.5
MIDDLE,301,18.916666666666664,68.1
MIDDLE,302,18.694444444444443,67.3
MIDDLE,303,18.38888888888889,66.2
MIDDLE,304,18.0,64.8
MIDDLE,305,17.666666666666668,63.6
MIDDLE,306,17.38888888888889,62.6
MIDDLE,307,17.25,62.1
MIDDLE,308,17.194444444444443,61.9
MIDDLE,309,17.194444444444443,61.9
MIDDLE,310,17.166666666666664,61.8
MIDDLE,311,17.083333333333332,61.5
MIDDLE,312,16.916666666666664,60.9
MIDDLE,313,16.583333333333332,59.7
MIDDLE,314,15.166666666666666,54.6
MIDDLE,315,13.694444444444443,49.3
MIDDLE,316,12.472222222222221,44.9
MIDDLE,317,11.749999999999998,42.3
MIDDLE,318,11.5,41.4
MIDDLE,319,11.472222222222221,41.3
MIDDLE,320,11.694444444444445,42.1
MIDDLE,321,12.416666666666668,44.7
MIDDLE,322,13.444444444444443,48.4
MIDDLE,323,14.277777777777777,51.4
MIDDLE,324,14.63888888888889,52.7
MIDDLE,325,15.0,54.0
MIDDLE,326,15.833333333333332,57.0
MIDDLE,327,16.13888888888889,58.1
MIDDLE,328,16.444444444444446,59.2
MIDDLE,329,16.38888888888889,59.0
MIDDLE,330,16.416666666666668,59.1
MIDDLE,331,16.52777777777778,59.5
MIDDLE,332,16.805555555555554,60.5
MIDDLE,333,17.305555555555554,62.3
MIDDLE,334,17.75,63.9
MIDDLE,335,18.083333333333332,65.1
MIDDLE,336,17.805555555555554,64.1
MIDDLE,337,17.416666666666668,62.7
MIDDLE,338,17.22222222222222,62.0
MIDDLE,339,17.027777777777775,61.3
MIDDLE,340,16.916666666666664,60.9
MIDDLE,341,16.805555555555554,60.5
MIDDLE,342,16.72222222222222,60.2
MIDDLE,343,16.61111111111111,59.8
MIDDLE,344,16.5,59.4
MIDDLE,345,16.27777777777778,58.6
MIDDLE,346,15.972222222222221,57.5
MIDDLE,347,15.722222222222221,56.6
MIDDLE,348,15.555555555555555,56.0
MIDDLE,349,15.416666666666666,55.5
MIDDLE,350,15.277777777777777,55.0
MIDDLE,351,15.11111111111111,54.4
MIDDLE,352,15.027777777777779,54.1
MIDDLE,353,15.0,54.0
MIDDLE,354,14.972222222222221,53.9
MIDDLE,355,14.972222222222221,53.9
MIDDLE,356,15.0,54.0
MIDDLE,357,15.055555555555555,54.2
MIDDLE,358,15.277777777777777,55.0
MIDDLE,359,15.499999999999998,55.8
MIDDLE,360,15.61111111111111,56.2
MIDDLE,361,15.583333333333334,56.1
MIDDLE,362,15.305555555555555,55.1
MIDDLE,363,14.63888888888889,52.7
MIDDLE,364,13.444444444444443,48.4
MIDDLE,365,11.972222222222223,43.1
MIDDLE,366,10.499999999999998,37.8
MIDDLE,367,9.027777777777777,32.5
MIDDLE,368,7.555555555555555,27.2
MIDDLE,369,6.972222222222222,25.1
MIDDLE,370,7.222222222222222,26.0
MIDDLE,371,8.13888888888889,29.3
MIDDLE,372,9.61111111111111,34.6
MIDDLE,373,11.222222222222221,40.4
MIDDLE,374,12.583333333333332,45.3
MIDDLE,375,13.61111111111111,49.0
MIDDLE,376,14.194444444444445,51.1
MIDDLE,377,14.472222222222221,52.1
MIDDLE,378,14.5,52.2
MIDDLE,379,14.472222222222221,52.1
MIDDLE,380,14.36111111111111,51.7
MIDDLE,381,14.138888888888888,50.9
MIDDLE,382,13.666666666666668,49.2
MIDDLE,383,12.75,45.9
MIDDLE,384,11.277777777777779,40.6
MIDDLE,385,9.805555555555555,35.3
MIDDLE,386,8.333333333333334,30.0
MIDDLE,387,6.861111111111111,24.7
MIDDLE,388,5.361111111111112,19.3
MIDDLE,389,4.444444444444445,16.0
MIDDLE,390,3.6666666666666665,13.2
MIDDLE,391,2.972222222222222,10.7
MIDDLE,392,2.4444444444444446,8.8
MIDDLE,393,2.0,7.2
MIDDLE,394,1.5277777777777777,5.5
MIDDLE,395,0.888888888888889,3.2
MIDDLE,396,0.3055555555555556,1.1
MIDDLE,397,0.0,0.0
MIDDLE,398,0.0,0.0
MIDDLE,399,0.0,0.0
MIDDLE,400,0.0,0.0
MIDDLE,401,0.0,0.0
MIDDLE,402,0.0,0.0
MIDDLE,403,0.0,0.0
MIDDLE,404,0.0,0.0
MIDDLE,405,0.0,0.0
MIDDLE,406,0.0,0.0
MIDDLE,407,0.0,0.0
MIDDLE,408,0.0,0.0
MIDDLE,409,0.0,0.0
MIDDLE,410,0.0,0.0
MIDDLE,411,0.0,0.0
MIDDLE,412,0.0,0.0
MIDDLE,413,0.0,0.0
MIDDLE,414,0.0,0.0
MIDDLE,415,0.0,0.0
MIDDLE,416,0.0,0.0
MIDDLE,417,0.0,0.0
MIDDLE,418,0.0,0.0
MIDDLE,419,0.0,0.0
MIDDLE,420,0.0,0.0
MIDDLE,421,0.0,0.0
MIDDLE,422,0.0,0.0
MIDDLE,423,0.0,0.0
MIDDLE,424,0.0,0.0
MIDDLE,425,0.0,0.0
MIDDLE,426,0.0,0.0
MIDDLE,427,0.0,0.0
MIDDLE,428,0.0,0.0
MIDDLE,429,0.0,0.0
MIDDLE,430,0.0,0.0
MIDDLE,431,0.0,0.0
MIDDLE,432,0.0,0.0
MIDDLE,433,0.0,0.0
HIGH,1,0.0,0.0
HIGH,2,0.0,0.0
HIGH,3,0.0,0.0
HIGH,4,0.0,0.0
HIGH,5,0.22222222222222224,0.8
HIGH,6,1.0,3.6
HIGH,7,2.388888888888889,8.6
HIGH,8,4.055555555555555,14.6
HIGH,9,5.555555555555555,20.0
HIGH,10,6.777777777777777,24.4
HIGH,11,7.833333333333333,28.2
HIGH,12,8.805555555555555,31.7
HIGH,13,9.722222222222221,35.0
HIGH,14,10.444444444444445,37.6
HIGH,15,11.027777777777779,39.7
HIGH,16,11.527777777777777,41.5
HIGH,17,12.11111111111111,43.6
HIGH,18,12.777777777777777,46.0
HIGH,19,13.444444444444443,48.4
HIGH,20,14.027777777777777,50.5
HIGH,21,14.416666666666666,51.9
HIGH,22,14.61111111111111,52.6
HIGH,23,14.666666666666666,52.8
HIGH,24,14.694444444444443,52.9
HIGH,25,14.75,53.1
HIGH,26,14.805555555555554,53.3
HIGH,27,14.75,53.1
HIGH,28,14.527777777777777,52.3
HIGH,29,14.083333333333334,50.7
HIGH,30,13.555555555555554,48.8
HIGH,31,12.916666666666666,46.5
HIGH,32,12.166666666666666,43.8
HIGH,33,11.194444444444443,40.3
HIGH,34,10.0,36.0
HIGH,35,8.527777777777777,30.7
HIGH,36,7.055555555555555,25.4
HIGH,37,5.833333333333333,21.0
HIGH,38,4.638888888888888,16.7
HIGH,39,3.7222222222222223,13.4
HIGH,40,3.333333333333333,12.0
HIGH,41,3.3611111111111107,12.1
HIGH,42,3.555555555555556,12.8
HIGH,43,4.333333333333333,15.6
HIGH,44,5.527777777777778,19.9
HIGH,45,6.499999999999999,23.4
HIGH,46,6.833333333333334,24.6
HIGH,47,7.0,25.2
HIGH,48,7.333333333333333,26.4
HIGH,49,8.0,28.8
HIGH,50,8.833333333333334,31.8
HIGH,51,9.805555555555555,35.3
HIGH,52,10.972222222222221,39.5
HIGH,53,12.36111111111111,44.5
HIGH,54,13.694444444444443,49.3
HIGH,55,14.805555555555554,53.3
HIGH,56,15.666666666666666,56.4
HIGH,57,16.36111111111111,58.9
HIGH,58,17.0,61.2
HIGH,59,17.38888888888889,62.6
HIGH,60,17.5,63.0
HIGH,61,17.36111111111111,62.5
HIGH,62,16.916666666666664,60.9
HIGH,63,16.47222222222222,59.3
HIGH,64,16.27777777777778,58.6
HIGH,65,16.27777777777778,58.6
HIGH,66,16.305555555555557,58.7
HIGH,67,16.333333333333332,58.8
HIGH,68,16.333333333333332,58.8
HIGH,69,16.333333333333332,58.8
HIGH,70,16.416666666666668,59.1
HIGH,71,16.694444444444443,60.1
HIGH,72,17.13888888888889,61.7
HIGH,73,17.5,63.0
HIGH,74,17.694444444444446,63.7
HIGH,75,17.75,63.9
HIGH,76,17.63888888888889,63.5
HIGH,77,17.305555555555554,62.3
HIGH,78,16.75,60.3
HIGH,79,16.36111111111111,58.9
HIGH,80,16.22222222222222,58.4
HIGH,81,16.333333333333332,58.8
HIGH,82,16.72222222222222,60.2
HIGH,83,17.305555555555554,62.3
HIGH,84,17.75,63.9
HIGH,85,17.916666666666668,64.5
HIGH,86,17.88888888888889,64.4
HIGH,87,17.63888888888889,63.5
HIGH,88,17.22222222222222,62.0
HIGH,89,17.0,61.2
HIGH,90,17.027777777777775,61.3
HIGH,91,17.38888888888889,62.6
HIGH,92,18.13888888888889,65.3
HIGH,93,18.88888888888889,68.0
HIGH,94,19.27777777777778,69.4
HIGH,95,19.36111111111111,69.7
HIGH,96,19.25,69.3
HIGH,97,18.916666666666664,68.1
HIGH,98,18.583333333333336,66.9
HIGH,99,18.38888888888889,66.2
HIGH,100,18.25,65.7
HIGH,101,18.02777777777778,64.9
HIGH,102,17.555555555555557,63.2
HIGH,103,16.75,60.3
HIGH,104,15.499999999999998,55.8
HIGH,105,14.027777777777777,50.5
HIGH,106,12.555555555555555,45.2
HIGH,107,11.13888888888889,40.1
HIGH,108,10.055555555555555,36.2
HIGH,109,9.138888888888888,32.9
HIGH,110,8.277777777777779,29.8
HIGH,111,7.388888888888889,26.6
HIGH,112,6.388888888888888,23.0
HIGH,113,5.388888888888888,19.4
HIGH,114,4.527777777777778,16.3
HIGH,115,4.055555555555555,14.6
HIGH,116,3.944444444444444,14.2
HIGH,117,3.9722222222222223,14.3
HIGH,118,4.055555555555555,14.6
HIGH,119,4.194444444444445,15.1
HIGH,120,4.555555555555555,16.4
HIGH,121,5.305555555555556,19.1
HIGH,122,6.25,22.5
HIGH,123,6.777777777777777,24.4
HIGH,124,6.888888888888889,24.8
HIGH,125,6.305555555555555,22.7
HIGH,126,4.833333333333333,17.4
HIGH,127,3.8333333333333335,13.8
HIGH,128,3.333333333333333,12.0
HIGH,129,3.333333333333333,12.0
HIGH,130,3.333333333333333,12.0
HIGH,131,3.861111111111111,13.9
HIGH,132,4.916666666666666,17.7
HIGH,133,6.333333333333333,22.8
HIGH,134,7.583333333333333,27.3
HIGH,135,8.666666666666666,31.2
HIGH,136,9.777777777777779,35.2
HIGH,137,10.944444444444445,39.4
HIGH,138,11.805555555555555,42.5
HIGH,139,12.61111111111111,45.4
HIGH,140,13.38888888888889,48.2
HIGH,141,13.972222222222221,50.3
HIGH,142,14.61111111111111,52.6
HIGH,143,15.13888888888889,54.5
HIGH,144,15.722222222222221,56.6
HIGH,145,16.194444444444443,58.3
HIGH,146,16.666666666666668,60.0
HIGH,147,17.083333333333332,61.5
HIGH,148,17.52777777777778,63.1
HIGH,149,17.86111111111111,64.3
HIGH,150,18.25,65.7
HIGH,151,18.638888888888886,67.1
HIGH,152,18.97222222222222,68.3
HIGH,153,19.36111111111111,69.7
HIGH,154,19.61111111111111,70.6
HIGH,155,19.888888888888886,71.6
HIGH,156,20.166666666666664,72.6
HIGH,157,20.416666666666668,73.5
HIGH,158,20.61111111111111,74.2
HIGH,159,20.805555555555557,74.9
HIGH,160,20.999999999999996,75.6
HIGH,161,21.194444444444443,76.3
HIGH,162,21.416666666666664,77.1
HIGH,163,21.63888888888889,77.9
HIGH,164,21.805555555555554,78.5
HIGH,165,21.944444444444443,79.0
HIGH,166,22.13888888888889,79.7
HIGH,167,22.305555555555554,80.3
HIGH,168,22.5,81.0
HIGH,169,22.666666666666664,81.6
HIGH,170,22.88888888888889,82.4
HIGH,171,23.02777777777778,82.9
HIGH,172,23.166666666666668,83.4
HIGH,173,23.277777777777775,83.8
HIGH,174,23.38888888888889,84.2
HIGH,175,23.52777777777778,84.7
HIGH,176,23.666666666666668,85.2
HIGH,177,23.777777777777775,85.6
HIGH,178,23.97222222222222,86.3
HIGH,179,24.11111111111111,86.8
HIGH,180,24.27777777777778,87.4
HIGH,181,24.444444444444443,88.0
HIGH,182,24.527777777777775,88.3
HIGH,183,24.63888888888889,88.7
HIGH,184,24.72222222222222,89.0
HIGH,185,24.805555555555554,89.3
HIGH,186,24.944444444444443,89.8
HIGH,187,25.055555555555557,90.2
HIGH,188,25.166666666666664,90.6
HIGH,189,25.27777777777778,91.0
HIGH,190,25.36111111111111,91.3
HIGH,191,25.444444444444443,91.6
HIGH,192,25.52777777777778,91.9
HIGH,193,25.61111111111111,92.2
HIGH,194,25.777777777777775,92.8
HIGH,195,25.861111111111107,93.1
HIGH,196,25.916666666666664,93.3
HIGH,197,25.97222222222222,93.5
HIGH,198,26.02777777777778,93.7
HIGH,199,26.083333333333336,93.9
HIGH,200,26.11111111111111,94.0
HIGH,201,26.138888888888886,94.1
HIGH,202,26.194444444444443,94.3
HIGH,203,26.22222222222222,94.4
HIGH,204,26.277777777777775,94.6
HIGH,205,26.305555555555557,94.7
HIGH,206,26.333333333333332,94.8
HIGH,207,26.38888888888889,95.0
HIGH,208,26.416666666666664,95.1
HIGH,209,26.47222222222222,95.3
HIGH,210,26.5,95.4
HIGH,211,26.555555555555554,95.6
HIGH,212,26.583333333333332,95.7
HIGH,213,26.61111111111111,95.8
HIGH,214,26.666666666666664,96.0
HIGH,215,26.694444444444443,96.1
HIGH,216,26.75,96.3
HIGH,217,26.77777777777778,96.4
HIGH,218,26.833333333333332,96.6
HIGH,219,26.888888888888886,96.8
HIGH,220,26.944444444444443,97.0
HIGH,221,27.0,97.2
HIGH,222,27.027777777777775,97.3
HIGH,223,27.055555555555557,97.4
HIGH,224,27.055555555555557,97.4
HIGH,225,27.055555555555557,97.4
HIGH,226,27.055555555555557,97.4
HIGH,227,27.027777777777775,97.3
HIGH,228,27.027777777777775,97.3
HIGH,229,27.027777777777775,97.3
HIGH,230,27.027777777777775,97.3
HIGH,231,27.0,97.2
HIGH,232,26.97222222222222,97.1
HIGH,233,26.944444444444443,97.0
HIGH,234,26.916666666666668,96.9
HIGH,235,26.86111111111111,96.7
HIGH,236,26.77777777777778,96.4
HIGH,237,26.694444444444443,96.1
HIGH,238,26.583333333333332,95.7
HIGH,239,26.52777777777778,95.5
HIGH,240,26.47222222222222,95.3
HIGH,241,26.444444444444443,95.2
HIGH,242,26.38888888888889,95.0
HIGH,243,26.36111111111111,94.9
HIGH,244,26.305555555555557,94.7
HIGH,245,26.25,94.5
HIGH,246,26.22222222222222,94.4
HIGH,247,26.22222222222222,94.4
HIGH,248,26.194444444444443,94.3
HIGH,249,26.194444444444443,94.3
HIGH,250,26.138888888888886,94.1
HIGH,251,26.083333333333336,93.9
HIGH,252,25.944444444444446,93.4
HIGH,253,25.777777777777775,92.8
HIGH,254,25.555555555555554,92.0
HIGH,255,25.36111111111111,91.3
HIGH,256,25.166666666666664,90.6
HIGH,257,25.0,90.0
HIGH,258,24.805555555555554,89.3
HIGH,259,24.63888888888889,88.7
HIGH,260,24.47222222222222,88.1
HIGH,261,24.27777777777778,87.4
HIGH,262,24.083333333333332,86.7
HIGH,263,23.88888888888889,86.0
HIGH,264,23.694444444444443,85.3
HIGH,265,23.52777777777778,84.7
HIGH,266,23.36111111111111,84.1
HIGH,267,23.194444444444443,83.5
HIGH,268,23.02777777777778,82.9
HIGH,269,22.86111111111111,82.3
HIGH,270,22.694444444444446,81.7
HIGH,271,22.527777777777775,81.1
HIGH,272,22.36111111111111,80.5
HIGH,273,22.194444444444446,79.9
HIGH,274,22.055555555555557,79.4
HIGH,275,21.97222222222222,79.1
HIGH,276,21.88888888888889,78.8
HIGH,277,21.805555555555554,78.5
HIGH,278,21.72222222222222,78.2
HIGH,279,21.63888888888889,77.9
HIGH,280,21.555555555555554,77.6
HIGH,281,21.47222222222222,77.3
HIGH,282,21.38888888888889,77.0
HIGH,283,21.305555555555557,76.7
HIGH,284,21.11111111111111,76.0
HIGH,285,21.11111111111111,76.0
HIGH,286,21.11111111111111,76.0
HIGH,287,21.083333333333336,75.9
HIGH,288,21.083333333333336,75.9
HIGH,289,21.055555555555554,75.8
HIGH,290,21.02777777777778,75.7
HIGH,291,20.97222222222222,75.5
HIGH,292,20.88888888888889,75.2
HIGH,293,20.833333333333332,75.0
HIGH,294,20.75,74.7
HIGH,295,20.583333333333332,74.1
HIGH,296,20.47222222222222,73.7
HIGH,297,20.36111111111111,73.3
HIGH,298,20.416666666666668,73.5
HIGH,299,20.555555555555554,74.0
HIGH,300,20.805555555555557,74.9
HIGH,301,21.138888888888886,76.1
HIGH,302,21.583333333333332,77.7
HIGH,303,22.0,79.2
HIGH,304,22.305555555555554,80.3
HIGH,305,22.444444444444443,80.8
HIGH,306,22.5,81.0
HIGH,307,22.5,81.0
HIGH,308,22.5,81.0
HIGH,309,22.5,81.0
HIGH,310,22.5,81.0
HIGH,311,22.472222222222225,80.9
HIGH,312,22.388888888888886,80.6
HIGH,313,22.305555555555554,80.3
HIGH,314,22.22222222222222,80.0
HIGH,315,22.194444444444446,79.9
HIGH,316,22.166666666666664,79.8
HIGH,317,22.166666666666664,79.8
HIGH,318,22.166666666666664,79.8
HIGH,319,22.194444444444446,79.9
HIGH,320,22.22222222222222,80.0
HIGH,321,22.333333333333336,80.4
HIGH,322,22.444444444444443,80.8
HIGH,323,22.555555555555557,81.2
HIGH,324,22.63888888888889,81.5
HIGH,325,22.666666666666664,81.6
HIGH,326,22.666666666666664,81.6
HIGH,327,22.61111111111111,81.4
HIGH,328,22.416666666666668,80.7
HIGH,329,22.11111111111111,79.6
HIGH,330,21.72222222222222,78.2
HIGH,331,21.333333333333332,76.8
HIGH,332,20.916666666666664,75.3
HIGH,333,20.5,73.8
HIGH,334,20.027777777777775,72.1
HIGH,335,19.5,70.2
HIGH,336,18.944444444444446,68.2
HIGH,337,18.36111111111111,66.1
HIGH,338,17.72222222222222,63.8
HIGH,339,17.11111111111111,61.6
HIGH,340,16.72222222222222,60.2
HIGH,341,16.61111111111111,59.8
HIGH,342,16.77777777777778,60.4
HIGH,343,17.166666666666664,61.8
HIGH,344,17.38888888888889,62.6
HIGH,345,17.416666666666668,62.7
HIGH,346,17.194444444444443,61.9
HIGH,347,16.666666666666668,60.0
HIGH,348,16.22222222222222,58.4
HIGH,349,16.055555555555554,57.8
HIGH,350,16.055555555555554,57.8
HIGH,351,16.055555555555554,57.8
HIGH,352,15.916666666666666,57.3
HIGH,353,15.61111111111111,56.2
HIGH,354,15.083333333333332,54.3
HIGH,355,14.11111111111111,50.8
HIGH,356,12.63888888888889,45.5
HIGH,357,11.166666666666668,40.2
HIGH,358,9.694444444444445,34.9
HIGH,359,8.222222222222223,29.6
HIGH,360,7.583333333333333,27.3
HIGH,361,8.13888888888889,29.3
HIGH,362,9.138888888888888,32.9
HIGH,363,9.88888888888889,35.6
HIGH,364,10.194444444444445,36.7
HIGH,365,10.444444444444445,37.6
HIGH,366,10.944444444444445,39.4
HIGH,367,11.805555555555555,42.5
HIGH,368,12.916666666666666,46.5
HIGH,369,13.944444444444445,50.2
HIGH,370,14.666666666666666,52.8
HIGH,371,15.083333333333332,54.3
HIGH,372,15.25,54.9
HIGH,373,15.25,54.9
HIGH,374,15.194444444444445,54.7
HIGH,375,15.027777777777779,54.1
HIGH,376,14.777777777777779,53.2
HIGH,377,14.472222222222221,52.1
HIGH,378,14.083333333333334,50.7
HIGH,379,13.63888888888889,49.1
HIGH,380,13.166666666666666,47.4
HIGH,381,12.555555555555555,45.2
HIGH,382,11.61111111111111,41.8
HIGH,383,10.13888888888889,36.5
HIGH,384,8.666666666666666,31.2
HIGH,385,7.666666666666667,27.6
HIGH,386,7.472222222222221,26.9
HIGH,387,7.583333333333333,27.3
HIGH,388,7.638888888888888,27.5
HIGH,389,7.611111111111111,27.4
HIGH,390,7.527777777777778,27.1
HIGH,391,7.416666666666666,26.7
HIGH,392,7.444444444444445,26.8
HIGH,393,7.833333333333333,28.2
HIGH,394,8.63888888888889,31.1
HIGH,395,9.666666666666666,34.8
HIGH,396,10.666666666666666,38.4
HIGH,397,11.36111111111111,40.9
HIGH,398,11.583333333333334,41.7
HIGH,399,11.36111111111111,40.9
HIGH,400,10.638888888888888,38.3
HIGH,401,9.805555555555555,35.3
HIGH,402,9.527777777777777,34.3
HIGH,403,9.61111111111111,34.6
HIGH,404,10.083333333333332,36.3
HIGH,405,10.972222222222221,39.5
HIGH,406,11.61111111111111,41.8
HIGH,407,11.805555555555555,42.5
HIGH,408,11.638888888888888,41.9
HIGH,409,11.13888888888889,40.1
HIGH,410,10.166666666666666,36.6
HIGH,411,8.694444444444445,31.3
HIGH,412,7.222222222222222,26.0
HIGH,413,5.722222222222222,20.6
HIGH,414,5.305555555555556,19.1
HIGH,415,5.472222222222222,19.7
HIGH,416,5.861111111111112,21.1
HIGH,417,6.111111111111111,22.0
HIGH,418,6.138888888888889,22.1
HIGH,419,5.944444444444444,21.4
HIGH,420,5.444444444444445,19.6
HIGH,421,5.083333333333333,18.3
HIGH,422,5.0,18.0
HIGH,423,5.083333333333333,18.3
HIGH,424,5.138888888888888,18.5
HIGH,425,4.972222222222221,17.9
HIGH,426,4.166666666666667,15.0
HIGH,427,2.75,9.9
HIGH,428,1.2777777777777777,4.6
HIGH,429,0.3333333333333333,1.2
HIGH,430,0.0,0.0
HIGH,431,0.0,0.0
HIGH,432,0.0,0.0
HIGH,433,0.0,0.0
HIGH,434,0.0,0.0
HIGH,435,0.0,0.0
HIGH,436,0.0,0.0
HIGH,437,0.0,0.0
HIGH,438,0.0,0.0
HIGH,439,0.0,0.0
HIGH,440,0.0,0.0
HIGH,441,0.0,0.0
HIGH,442,0.0,0.0
HIGH,443,0.0,0.0
HIGH,444,0.0,0.0
HIGH,445,0.0,0.0
HIGH,446,0.0,0.0
HIGH,447,0.0,0.0
HIGH,448,0.0,0.0
HIGH,449,0.0,0.0
HIGH,450,0.0,0.0
HIGH,451,0.0,0.0
HIGH,452,0.0,0.0
HIGH,453,0.0,0.0
HIGH,454,0.0,0.0
HIGH,455,0.0,0.0
EXTRA-HIGH,1,0.0,0.0
EXTRA-HIGH,2,0.6111111111111112,2.2
EXTRA-HIGH,3,1.2222222222222223,4.4
EXTRA-HIGH,4,1.75,6.3
EXTRA-HIGH,5,2.1944444444444446,7.9
EXTRA-HIGH,6,2.5555555555555554,9.2
EXTRA-HIGH,7,2.888888888888889,10.4
EXTRA-HIGH,8,3.194444444444444,11.5
EXTRA-HIGH,9,3.5833333333333335,12.9
EXTRA-HIGH,10,4.083333333333333,14.7
EXTRA-HIGH,11,4.722222222222222,17.0
EXTRA-HIGH,12,5.5,19.8
EXTRA-HIGH,13,6.416666666666667,23.1
EXTRA-HIGH,14,7.416666666666666,26.7
EXTRA-HIGH,15,8.472222222222221,30.5
EXTRA-HIGH,16,9.472222222222223,34.1
EXTRA-HIGH,17,10.416666666666666,37.5
EXTRA-HIGH,18,11.277777777777779,40.6
EXTRA-HIGH,19,12.027777777777777,43.3
EXTRA-HIGH,20,12.694444444444445,45.7
EXTRA-HIGH,21,13.25,47.7
EXTRA-HIGH,22,13.694444444444443,49.3
EXTRA-HIGH,23,14.027777777777777,50.5
EXTRA-HIGH,24,14.249999999999998,51.3
EXTRA-HIGH,25,14.472222222222221,52.1
EXTRA-HIGH,26,14.63888888888889,52.7
EXTRA-HIGH,27,14.833333333333332,53.4
EXTRA-HIGH,28,15.0,54.0
EXTRA-HIGH,29,15.13888888888889,54.5
EXTRA-HIGH,30,15.277777777777777,55.0
EXTRA-HIGH,31,15.444444444444445,55.6
EXTRA-HIGH,32,15.638888888888888,56.3
EXTRA-HIGH,33,15.88888888888889,57.2
EXTRA-HIGH,34,16.25,58.5
EXTRA-HIGH,35,16.72222222222222,60.2
EXTRA-HIGH,36,17.305555555555554,62.3
EXTRA-HIGH,37,17.97222222222222,64.7
EXTRA-HIGH,38,18.638888888888886,67.1
EXTRA-HIGH,39,19.22222222222222,69.2
EXTRA-HIGH,40,19.63888888888889,70.7
EXTRA-HIGH,41,19.972222222222225,71.9
EXTRA-HIGH,42,20.194444444444446,72.7
EXTRA-HIGH,43,20.38888888888889,73.4
EXTRA-HIGH,44,20.5,73.8
EXTRA-HIGH,45,20.583333333333332,74.1
EXTRA-HIGH,46,20.555555555555554,74.0
EXTRA-HIGH,47,20.444444444444443,73.6
EXTRA-HIGH,48,20.13888888888889,72.5
EXTRA-HIGH,49,19.666666666666664,70.8
EXTRA-HIGH,50,19.055555555555554,68.6
EXTRA-HIGH,51,18.38888888888889,66.2
EXTRA-HIGH,52,17.77777777777778,64.0
EXTRA-HIGH,53,17.27777777777778,62.2
EXTRA-HIGH,54,16.916666666666664,60.9
EXTRA-HIGH,55,16.72222222222222,60.2
EXTRA-HIGH,56,16.666666666666668,60.0
EXTRA-HIGH,57,16.77777777777778,60.4
EXTRA-HIGH,58,17.055555555555554,61.4
EXTRA-HIGH,59,17.555555555555557,63.2
EXTRA-HIGH,60,18.22222222222222,65.6
EXTRA-HIGH,61,19.0,68.4
EXTRA-HIGH,62,19.888888888888886,71.6
EXTRA-HIGH,63,20.805555555555557,74.9
EXTRA-HIGH,64,21.77777777777778,78.4
EXTRA-HIGH,65,22.72222222222222,81.8
EXTRA-HIGH,66,23.583333333333336,84.9
EXTRA-HIGH,67,24.27777777777778,87.4
EXTRA-HIGH,68,24.72222222222222,89.0
EXTRA-HIGH,69,25.0,90.0
EXTRA-HIGH,70,25.166666666666664,90.6
EXTRA-HIGH,71,25.27777777777778,91.0
EXTRA-HIGH,72,25.416666666666664,91.5
EXTRA-HIGH,73,25.555555555555554,92.0
EXTRA-HIGH,74,25.75,92.7
EXTRA-HIGH,75,25.944444444444446,93.4
EXTRA-HIGH,76,26.166666666666668,94.2
EXTRA-HIGH,77,26.36111111111111,94.9
EXTRA-HIGH,78,26.583333333333332,95.7
EXTRA-HIGH,79,26.833333333333332,96.6
EXTRA-HIGH,80,27.13888888888889,97.7
EXTRA-HIGH,81,27.47222222222222,98.9
EXTRA-HIGH,82,27.88888888888889,100.4
EXTRA-HIGH,83,28.333333333333332,102.0
EXTRA-HIGH,84,28.777777777777775,103.6
EXTRA-HIGH,85,29.22222222222222,105.2
EXTRA-HIGH,86,29.666666666666664,106.8
EXTRA-HIGH,87,30.13888888888889,108.5
EXTRA-HIGH,88,30.61111111111111,110.2
EXTRA-HIGH,89,31.083333333333336,111.9
EXTRA-HIGH,90,31.583333333333332,113.7
EXTRA-HIGH,91,32.02777777777778,115.3
EXTRA-HIGH,92,32.44444444444444,116.8
EXTRA-HIGH,93,32.833333333333336,118.2
EXTRA-HIGH,94,33.19444444444444,119.5
EXTRA-HIGH,95,33.52777777777778,120.7
EXTRA-HIGH,96,33.83333333333333,121.8
EXTRA-HIGH,97,34.05555555555555,122.6
EXTRA-HIGH,98,34.22222222222222,123.2
EXTRA-HIGH,99,34.33333333333333,123.6
EXTRA-HIGH,100,34.361111111111114,123.7
EXTRA-HIGH,101,34.33333333333333,123.6
EXTRA-HIGH,102,34.25,123.3
EXTRA-HIGH,103,34.166666666666664,123.0
EXTRA-HIGH,104,34.02777777777778,122.5
EXTRA-HIGH,105,33.916666666666664,122.1
EXTRA-HIGH,106,33.75,121.5
EXTRA-HIGH,107,33.55555555555556,120.8
EXTRA-HIGH,108,33.333333333333336,120.0
EXTRA-HIGH,109,33.08333333333333,119.1
EXTRA-HIGH,110,32.80555555555555,118.1
EXTRA-HIGH,111,32.52777777777778,117.1
EXTRA-HIGH,112,32.27777777777778,116.2
EXTRA-HIGH,113,32.083333333333336,115.5
EXTRA-HIGH,114,31.916666666666668,114.9
EXTRA-HIGH,115,31.805555555555554,114.5
EXTRA-HIGH,116,31.694444444444443,114.1
EXTRA-HIGH,117,31.63888888888889,113.9
EXTRA-HIGH,118,31.583333333333332,113.7
EXTRA-HIGH,119,31.47222222222222,113.3
EXTRA-HIGH,120,31.36111111111111,112.9
EXTRA-HIGH,121,31.166666666666668,112.2
EXTRA-HIGH,122,30.944444444444446,111.4
EXTRA-HIGH,123,30.694444444444443,110.5
EXTRA-HIGH,124,30.416666666666664,109.5
EXTRA-HIGH,125,30.13888888888889,108.5
EXTRA-HIGH,126,29.916666666666668,107.7
EXTRA-HIGH,127,29.749999999999996,107.1
EXTRA-HIGH,128,29.611111111111107,106.6
EXTRA-HIGH,129,29.555555555555557,106.4
EXTRA-HIGH,130,29.5,106.2
EXTRA-HIGH,131,29.5,106.2
EXTRA-HIGH,132,29.5,106.2
EXTRA-HIGH,133,29.555555555555557,106.4
EXTRA-HIGH,134,29.583333333333332,106.5
EXTRA-HIGH,135,29.666666666666664,106.8
EXTRA-HIGH,136,29.77777777777778,107.2
EXTRA-HIGH,137,29.944444444444443,107.8
EXTRA-HIGH,138,30.13888888888889,108.5
EXTRA-HIGH,139,30.38888888888889,109.4
EXTRA-HIGH,140,30.694444444444443,110.5
EXTRA-HIGH,141,31.02777777777778,111.7
EXTRA-HIGH,142,31.38888888888889,113.0
EXTRA-HIGH,143,31.694444444444443,114.1
EXTRA-HIGH,144,31.97222222222222,115.1
EXTRA-HIGH,145,32.19444444444444,115.9
EXTRA-HIGH,146,32.36111111111111,116.5
EXTRA-HIGH,147,32.416666666666664,116.7
EXTRA-HIGH,148,32.388888888888886,116.6
EXTRA-HIGH,149,32.27777777777778,116.2
EXTRA-HIGH,150,32.0,115.2
EXTRA-HIGH,151,31.61111111111111,113.8
EXTRA-HIGH,152,31.11111111111111,112.0
EXTRA-HIGH,153,30.583333333333332,110.1
EXTRA-HIGH,154,30.083333333333332,108.3
EXTRA-HIGH,155,29.72222222222222,107.0
EXTRA-HIGH,156,29.47222222222222,106.1
EXTRA-HIGH,157,29.388888888888886,105.8
EXTRA-HIGH,158,29.36111111111111,105.7
EXTRA-HIGH,159,29.36111111111111,105.7
EXTRA-HIGH,160,29.333333333333332,105.6
EXTRA-HIGH,161,29.25,105.3
EXTRA-HIGH,162,29.13888888888889,104.9
EXTRA-HIGH,163,29.0,104.4
EXTRA-HIGH,164,28.88888888888889,104.0
EXTRA-HIGH,165,28.833333333333332,103.8
EXTRA-HIGH,166,28.86111111111111,103.9
EXTRA-HIGH,167,29.0,104.4
EXTRA-HIGH,168,29.194444444444443,105.1
EXTRA-HIGH,169,29.47222222222222,106.1
EXTRA-HIGH,170,29.77777777777778,107.2
EXTRA-HIGH,171,30.13888888888889,108.5
EXTRA-HIGH,172,30.52777777777778,109.9
EXTRA-HIGH,173,30.916666666666664,111.3
EXTRA-HIGH,174,31.305555555555557,112.7
EXTRA-HIGH,175,31.63888888888889,113.9
EXTRA-HIGH,176,31.944444444444443,115.0
EXTRA-HIGH,177,32.22222222222222,116.0
EXTRA-HIGH,178,32.44444444444444,116.8
EXTRA-HIGH,179,32.666666666666664,117.6
EXTRA-HIGH,180,32.88888888888889,118.4
EXTRA-HIGH,181,33.111111111111114,119.2
EXTRA-HIGH,182,33.333333333333336,120.0
EXTRA-HIGH,183,33.55555555555556,120.8
EXTRA-HIGH,184,33.77777777777778,121.6
EXTRA-HIGH,185,33.97222222222222,122.3
EXTRA-HIGH,186,34.19444444444444,123.1
EXTRA-HIGH,187,34.388888888888886,123.8
EXTRA-HIGH,188,34.55555555555556,124.4
EXTRA-HIGH,189,34.72222222222222,125.0
EXTRA-HIGH,190,34.833333333333336,125.4
EXTRA-HIGH,191,34.94444444444444,125.8
EXTRA-HIGH,192,35.02777777777778,126.1
EXTRA-HIGH,193,35.111111111111114,126.4
EXTRA-HIGH,194,35.166666666666664,126.6
EXTRA-HIGH,195,35.19444444444444,126.7
EXTRA-HIGH,196,35.22222222222222,126.8
EXTRA-HIGH,197,35.25,126.9
EXTRA-HIGH,198,35.25,126.9
EXTRA-HIGH,199,35.25,126.9
EXTRA-HIGH,200,35.22222222222222,126.8
EXTRA-HIGH,201,35.166666666666664,126.6
EXTRA-HIGH,202,35.08333333333333,126.3
EXTRA-HIGH,203,35.0,126.0
EXTRA-HIGH,204,34.916666666666664,125.7
EXTRA-HIGH,205,34.888888888888886,125.6
EXTRA-HIGH,206,34.888888888888886,125.6
EXTRA-HIGH,207,34.94444444444444,125.8
EXTRA-HIGH,208,35.05555555555556,126.2
EXTRA-HIGH,209,35.166666666666664,126.6
EXTRA-HIGH,210,35.27777777777778,127.0
EXTRA-HIGH,211,35.38888888888889,127.4
EXTRA-HIGH,212,35.44444444444444,127.6
EXTRA-HIGH,213,35.5,127.8
EXTRA-HIGH,214,35.52777777777778,127.9
EXTRA-HIGH,215,35.55555555555556,128.0
EXTRA-HIGH,216,35.58333333333333,128.1
EXTRA-HIGH,217,35.61111111111111,128.2
EXTRA-HIGH,218,35.63888888888889,128.3
EXTRA-HIGH,219,35.666666666666664,128.4
EXTRA-HIGH,220,35.69444444444444,128.5
EXTRA-HIGH,221,35.72222222222222,128.6
EXTRA-HIGH,222,35.72222222222222,128.6
EXTRA-HIGH,223,35.69444444444444,128.5
EXTRA-HIGH,224,35.63888888888889,128.3
EXTRA-HIGH,225,35.58333333333333,128.1
EXTRA-HIGH,226,35.52777777777778,127.9
EXTRA-HIGH,227,35.44444444444444,127.6
EXTRA-HIGH,228,35.38888888888889,127.4
EXTRA-HIGH,229,35.333333333333336,127.2
EXTRA-HIGH,230,35.27777777777778,127.0
EXTRA-HIGH,231,35.25,126.9
EXTRA-HIGH,232,35.22222222222222,126.8
EXTRA-HIGH,233,35.19444444444444,126.7
EXTRA-HIGH,234,35.22222222222222,126.8
EXTRA-HIGH,235,35.25,126.9
EXTRA-HIGH,236,35.30555555555555,127.1
EXTRA-HIGH,237,35.38888888888889,127.4
EXTRA-HIGH,238,35.47222222222222,127.7
EXTRA-HIGH,239,35.58333333333333,128.1
EXTRA-HIGH,240,35.69444444444444,128.5
EXTRA-HIGH,241,35.833333333333336,129.0
EXTRA-HIGH,242,35.97222222222222,129.5
EXTRA-HIGH,243,36.138888888888886,130.1
EXTRA-HIGH,244,36.27777777777778,130.6
EXTRA-HIGH,245,36.388888888888886,131.0
EXTRA-HIGH,246,36.44444444444444,131.2
EXTRA-HIGH,247,36.47222222222222,131.3
EXTRA-HIGH,248,36.44444444444444,131.2
EXTRA-HIGH,249,36.30555555555555,130.7
EXTRA-HIGH,250,36.05555555555556,129.8
EXTRA-HIGH,251,35.666666666666664,128.4
EXTRA-HIGH,252,35.138888888888886,126.5
EXTRA-HIGH,253,34.47222222222222,124.1
EXTRA-HIGH,254,33.77777777777778,121.6
EXTRA-HIGH,255,33.05555555555556,119.0
EXTRA-HIGH,256,32.36111111111111,116.5
EXTRA-HIGH,257,31.694444444444443,114.1
EXTRA-HIGH,258,31.055555555555554,111.8
EXTRA-HIGH,259,30.416666666666664,109.5
EXTRA-HIGH,260,29.749999999999996,107.1
EXTRA-HIGH,261,29.11111111111111,104.8
EXTRA-HIGH,262,28.47222222222222,102.5
EXTRA-HIGH,263,27.88888888888889,100.4
EXTRA-HIGH,264,27.388888888888886,98.6
EXTRA-HIGH,265,27.0,97.2
EXTRA-HIGH,266,26.63888888888889,95.9
EXTRA-HIGH,267,26.333333333333332,94.8
EXTRA-HIGH,268,26.055555555555554,93.8
EXTRA-HIGH,269,25.777777777777775,92.8
EXTRA-HIGH,270,25.5,91.8
EXTRA-HIGH,271,25.27777777777778,91.0
EXTRA-HIGH,272,25.055555555555557,90.2
EXTRA-HIGH,273,24.888888888888886,89.6
EXTRA-HIGH,274,24.749999999999996,89.1
EXTRA-HIGH,275,24.611111111111107,88.6
EXTRA-HIGH,276,24.47222222222222,88.1
EXTRA-HIGH,277,24.333333333333332,87.6
EXTRA-HIGH,278,24.194444444444443,87.1
EXTRA-HIGH,279,24.055555555555554,86.6
EXTRA-HIGH,280,23.916666666666664,86.1
EXTRA-HIGH,281,23.75,85.5
EXTRA-HIGH,282,23.61111111111111,85.0
EXTRA-HIGH,283,23.444444444444446,84.4
EXTRA-HIGH,284,23.277777777777775,83.8
EXTRA-HIGH,285,23.11111111111111,83.2
EXTRA-HIGH,286,22.944444444444443,82.6
EXTRA-HIGH,287,22.77777777777778,82.0
EXTRA-HIGH,288,22.583333333333332,81.3
EXTRA-HIGH,289,22.333333333333336,80.4
EXTRA-HIGH,290,21.97222222222222,79.1
EXTRA-HIGH,291,21.5,77.4
EXTRA-HIGH,292,20.86111111111111,75.1
EXTRA-HIGH,293,20.083333333333332,72.3
EXTRA-HIGH,294,19.194444444444443,69.1
EXTRA-HIGH,295,18.305555555555557,65.9
EXTRA-HIGH,296,17.416666666666668,62.7
EXTRA-HIGH,297,16.583333333333332,59.7
EXTRA-HIGH,298,15.833333333333332,57.0
EXTRA-HIGH,299,15.166666666666666,54.6
EXTRA-HIGH,300,14.5,52.2
EXTRA-HIGH,301,13.805555555555555,49.7
EXTRA-HIGH,302,12.999999999999998,46.8
EXTRA-HIGH,303,12.083333333333332,43.5
EXTRA-HIGH,304,11.083333333333332,39.9
EXTRA-HIGH,305,10.11111111111111,36.4
EXTRA-HIGH,306,9.222222222222223,33.2
EXTRA-HIGH,307,8.472222222222221,30.5
EXTRA-HIGH,308,7.861111111111111,28.3
EXTRA-HIGH,309,7.305555555555555,26.3
EXTRA-HIGH,310,6.777777777777777,24.4
EXTRA-HIGH,311,6.25,22.5
EXTRA-HIGH,312,5.694444444444445,20.5
EXTRA-HIGH,313,5.055555555555555,18.2
EXTRA-HIGH,314,4.305555555555555,15.5
EXTRA-HIGH,315,3.416666666666667,12.3
EXTRA-HIGH,316,2.4166666666666665,8.7
EXTRA-HIGH,317,1.4444444444444444,5.2
EXTRA-HIGH,318,0.0,0.0
EXTRA-HIGH,319,0.0,0.0
EXTRA-HIGH,320,0.0,0.0
EXTRA-HIGH,321,0.0,0.0
EXTRA-HIGH,322,0.0,0.0
EXTRA-HIGH,323,0.0,0.0
